user_id,name,created_at_timestamp
1,Cynthy Attwooll,2019-11-09 05:47:27
2,Giffer Horburgh,2019-09-11 19:07:47
3,Linus Dilks,2019-09-30 10:47:37
4,Scot Murfin,2019-11-03 13:57:45
5,Nisse Conerding,2019-11-24 02:55:12
6,Claribel Beazey,2019-10-01 19:59:20
7,Eryn Harryman,2019-12-17 14:30:37
8,Rochelle Houlworth,2019-12-30 07:02:45
9,Leighton Nuttey,2019-09-09 01:59:27
10,Wyatt Shwenn,2019-11-23 00:40:50
11,Britteny Clemon,2019-11-30 22:46:31
12,Trisha Parramore,2019-11-19 14:54:10
13,Simeon Milliken,2019-10-08 01:37:55
14,Kara-lynn Caudelier,2019-11-11 22:13:45
15,Jayne Leefe,2019-11-23 19:52:19
16,Marya Oret,2019-09-27 07:45:15
17,Angelo Erickson,2019-12-04 06:55:53
18,Shina Loutheane,2019-08-01 06:40:58
19,Philippe Poll,2019-10-16 18:21:58
20,Bess Ferras,2019-10-15 21:25:11
21,Morgen Dybbe,2019-11-09 14:31:22
22,Chrissy Lorand,2019-11-13 03:05:47
23,Nollie Lakenden,2019-12-21 20:28:09
24,Stacy Gosenell,2019-10-13 18:33:12
25,Nobie Banbury,2019-11-28 15:48:20
26,Mirella Constable,2019-08-13 02:30:43
27,Langston McKeggie,2019-12-30 01:10:26
28,Josi Wasson,2019-12-17 05:49:58
29,Shoshana Mousdall,2019-12-24 11:50:22
30,Adrian Fellos,2019-08-07 02:57:41
31,Angelika Patrone,2019-11-21 14:04:32
32,Shalne Adamiec,2019-09-28 10:41:43
33,Humberto Mc Caghan,2019-11-06 00:08:26
34,Moises Fillery,2019-11-14 09:52:22
35,Kerr Agneau,2019-10-18 17:31:41
36,Dolores Burfoot,2019-08-15 18:43:07
37,Konstanze Busch,2019-09-02 11:25:30
38,Ase Evers,2019-10-18 00:22:50
39,Horatia Egre,2019-11-10 06:19:45
40,Ugo Vynarde,2019-09-29 16:36:21
41,Hedy Summerrell,2019-10-04 01:40:09
42,Ailis Ahrendsen,2019-12-15 18:47:39
43,Cornell Minguet,2019-12-22 17:26:49
44,Earvin Crowley,2019-10-15 11:21:17
45,Nehemiah Crichley,2019-11-21 20:47:59
46,Clemmy Ivanichev,2019-09-21 14:57:32
47,Nichol Aitkin,2019-08-20 13:34:43
48,Shalne Dooland,2019-11-14 20:34:39
49,Nikolai Grishakin,2019-11-09 12:33:06
50,Anetta Sumbler,2019-10-16 10:10:09
51,Elton Fuke,2019-08-18 10:10:44
52,Michele Hayworth,2019-11-08 02:27:29
53,Tobe MacRory,2019-09-05 08:33:57
54,Brose Mordie,2019-08-22 16:06:30
55,Cash Sabathier,2019-10-01 19:43:38
56,Thorpe Silverlock,2019-10-29 07:37:46
57,Humfried Wolseley,2019-08-02 22:24:30
58,Micaela Dulieu,2019-10-27 17:08:18
59,Waldo Bassham,2019-10-13 13:52:26
60,Lindsey Gurr,2019-09-21 23:26:21
61,Celestia Harnell,2019-09-20 03:18:48
62,Boigie Savidge,2019-12-12 21:33:12
63,Nigel Moncrefe,2019-10-29 22:48:59
64,Dewey Knutsen,2019-09-05 17:12:14
65,Noelani Letchmore,2019-08-14 02:08:50
66,Kelila Sackes,2019-08-10 07:43:44
67,Aloin Copperwaite,2019-09-11 08:18:20
68,Beret Tarbert,2019-09-26 20:28:02
69,Elizabeth Krugmann,2019-10-03 01:03:57
70,Marcy Ofener,2019-09-27 22:21:39
71,Verge Whiskerd,2019-12-09 11:48:25
72,Evy Maasze,2019-11-03 21:09:23
73,Wilhelmina Pittam,2019-11-14 04:54:37
74,Annetta Guerrazzi,2019-10-15 15:48:10
75,Domenico Krikorian,2019-11-21 09:16:58
76,Steffane Fotitt,2019-11-07 19:30:27
77,Carita Stripp,2019-08-12 22:05:10
78,Den Mehew,2019-12-21 05:22:24
79,Meris Dearan,2019-09-01 18:36:24
80,Tailor Scouler,2019-10-26 08:53:14
81,Augusto De Brett,2019-12-25 09:00:00
82,Sasha Clerke,2019-09-13 04:55:55
83,Sayre Bannon,2019-10-28 02:05:02
84,Irwinn Castagnet,2019-12-15 11:35:28
85,Nola Cristofolo,2019-11-24 18:50:13
86,Claretta Joire,2019-11-26 03:51:04
87,Lottie Klaussen,2019-10-18 00:56:44
88,Salim Gamlen,2019-12-18 13:19:44
89,Saul De Bell,2019-08-11 01:47:02
90,Felike Ganing,2019-08-25 09:05:15
91,Dodie Gave,2019-09-06 05:15:14
92,Jonathan Woodyear,2019-12-12 23:10:58
93,Curcio Lorrain,2019-09-20 14:30:42
94,Deane Chastand,2019-08-23 16:28:09
95,Garnette Formie,2019-10-16 02:07:33
96,Birch Vakhrushev,2019-08-22 02:36:41
97,Avrom Phelp,2019-12-13 15:02:33
98,Marina Garatty,2019-08-22 15:50:24
99,Josephine Creaven,2019-12-04 17:34:27
100,Ardys Endacott,2019-12-18 04:44:59
101,Kylila Benning,2019-09-24 19:32:11
102,Bartram McKennan,2019-08-05 06:22:52
103,Paxon Renfree,2019-11-29 16:53:30
104,Nessie Brandham,2019-12-13 13:36:46
105,Creigh Dallan,2019-08-30 08:35:04
106,Gray Benedict,2019-11-25 11:23:20
107,Daron Eastcourt,2019-10-03 04:33:45
108,Mycah Dimond,2019-10-13 19:14:50
109,Park Warre,2019-10-07 05:03:01
110,Leelah Jeynes,2019-08-25 07:11:55
111,Janey Rix,2019-12-06 10:20:10
112,Woodrow Van Arsdall,2019-12-19 04:05:39
113,Jillian Fenning,2019-08-23 13:30:02
114,Kaylyn Whitehouse,2019-11-20 15:34:51
115,Paige Kleanthous,2019-10-04 20:48:51
116,Dana Kalinsky,2019-09-13 20:01:53
117,Shalna Schiersch,2019-11-18 09:25:08
118,Elspeth Bineham,2019-12-23 22:12:36
119,Flem Bassindale,2019-08-09 04:03:32
120,Hilario Hurdle,2019-11-30 14:13:23
121,Dede Jeenes,2019-10-22 10:43:55
122,Borg Wickey,2019-10-15 00:38:12
123,Kaylil Jobbings,2019-10-14 10:31:11
124,Ashlan Laugier,2019-12-25 08:25:54
125,Frederich Sturrock,2019-11-10 07:25:43
126,Emiline Donke,2019-11-25 12:46:34
127,Felice Aberdein,2019-08-18 18:54:00
128,Tracee Mossbee,2019-08-03 04:49:29
129,Jaquelyn Alberti,2019-09-20 05:17:03
130,Emalia Goodey,2019-08-09 18:15:53
131,Martica Fincher,2019-10-08 01:11:48
132,Tedie Grant,2019-11-26 03:05:57
133,Riley Waterstone,2019-09-22 02:30:20
134,Garrott Tellesson,2019-10-28 15:32:26
135,Forrest Grinsted,2019-11-05 00:59:10
136,Pincas Serjent,2019-11-14 08:35:04
137,Patin Riolfi,2019-11-06 22:52:20
138,Dagny Shires,2019-10-25 19:54:30
139,Vito Boniface,2019-09-14 06:12:43
140,Melantha Itzhaiek,2019-11-03 11:18:30
141,Tracy Hush,2019-08-25 05:16:03
142,Maryanna Woodman,2019-10-09 05:10:27
143,Glory Philps,2019-11-18 16:19:27
144,Salvatore Yackiminie,2019-08-11 05:21:52
145,Bertine Grelka,2019-10-23 03:23:37
146,Allie Skipton,2019-09-06 21:25:50
147,Auroora Sunman,2019-10-14 07:53:52
148,Elenore Ivakhin,2019-12-21 17:44:16
149,Andeee Kezor,2019-10-21 14:46:47
150,Curtis Bruhnsen,2019-12-25 14:45:48
151,Harriott Gimert,2019-08-16 18:03:01
152,Alick Jankovic,2019-10-10 21:44:22
153,Alic Benne,2019-12-02 00:49:43
154,Vally McKmurrie,2019-11-29 22:15:29
155,Ximenes Sapauton,2019-11-17 01:52:46
156,Mart Derbyshire,2019-11-05 07:23:49
157,Demetre O'Hengerty,2019-10-03 11:09:27
158,Don Burkin,2019-12-27 21:01:41
159,Sheff Rolfs,2019-12-19 12:59:10
160,Seward Stuttman,2019-12-03 06:21:52
161,Bennie Maffione,2019-09-16 23:30:54
162,Linnea Haxby,2019-12-11 15:14:42
163,Anselma Lowndsbrough,2019-10-28 05:38:07
164,Theobald Rekes,2019-12-20 06:56:34
165,Odell Downes,2019-09-16 00:05:31
166,Fredrick Laundon,2019-09-08 21:43:21
167,Amalia Fery,2019-09-03 10:18:25
168,Sarita Kingaby,2019-09-21 01:24:00
169,Rolland Petteford,2019-09-15 02:00:57
170,Mathe Grcic,2019-09-16 00:06:35
171,Raychel Kirkam,2019-11-07 03:35:56
172,Ferdinand Syddie,2019-10-09 10:32:24
173,Brandise Turfitt,2019-10-07 09:03:57
174,Raphael Lucia,2019-11-19 18:31:30
175,Donovan Mee,2019-08-14 01:50:58
176,Rozamond Cowland,2019-08-28 18:05:04
177,Teri Metzing,2019-12-01 10:07:26
178,Gavin Tonbye,2019-12-09 05:03:12
179,Constantia O Mullen,2019-09-30 23:57:57
180,Kaitlin Vellden,2019-11-07 23:02:01
181,Immanuel Lutty,2019-10-21 10:02:14
182,Ethelbert Braz,2019-10-15 17:51:00
183,Conni Olman,2019-10-13 18:08:15
184,Jsandye Collete,2019-09-17 19:48:41
185,Westbrooke Gerrens,2019-08-23 19:51:40
186,Kimberley Binner,2019-11-28 07:11:27
187,Humfrid Janjic,2019-08-13 02:03:34
188,Catherina Rideout,2019-10-05 10:45:42
189,Germana Bellefonte,2019-12-13 00:19:52
190,Claudian Dehn,2019-08-19 17:03:16
191,Genevieve Frankel,2019-12-26 13:36:41
192,Mara Berka,2019-08-12 12:57:07
193,Olwen Celier,2019-08-17 00:07:50
194,Kali Melonby,2019-09-04 21:36:32
195,Winne Sleight,2019-11-13 16:59:09
196,Afton Moakes,2019-11-17 02:01:11
197,Armando Barks,2019-12-17 15:52:30
198,Donnell McClinton,2019-11-29 00:54:33
199,Damara Normanville,2019-08-08 17:52:06
200,Florenza Reaper,2019-08-17 01:08:14
201,Gaven Oxshott,2019-09-01 06:09:31
202,Patin Lerner,2019-11-05 03:00:57
203,Moshe Iianon,2019-12-09 06:19:40
204,Grover Roome,2019-08-31 15:37:53
205,Barth McClarence,2019-12-08 12:20:28
206,Elihu Laidler,2019-08-25 12:18:16
207,Gregorio Goering,2019-11-13 13:24:27
208,Celesta Good,2019-12-03 11:48:55
209,Hope Arlett,2019-12-21 23:38:38
210,Marlene MacLese,2019-11-24 13:07:29
211,Markus Fraschini,2019-10-06 16:39:11
212,Tonnie Disbrey,2019-11-30 19:08:47
213,Gerome Klousner,2019-08-07 06:56:47
214,Amelina Lightbowne,2019-12-05 00:27:00
215,Anna-maria Kettleson,2019-12-19 23:30:02
216,Avictor Seymer,2019-09-28 13:20:58
217,Amara Jeaneau,2019-09-14 23:02:51
218,Mariejeanne Kempstone,2019-12-26 07:10:20
219,Betteanne Hambly,2019-10-16 13:48:13
220,Maurita Doohan,2019-08-26 02:09:48
221,Stacia Broader,2019-11-30 21:59:40
222,Jedd Marrable,2019-11-02 14:12:09
223,Shepard Seyffert,2019-11-23 08:37:51
224,Andre Kitson,2019-11-05 07:45:43
225,Artair Hast,2019-10-24 13:06:54
226,Braden Polin,2019-08-29 12:29:58
227,Allan Chamberlayne,2019-10-26 09:24:16
228,Seka Dillinton,2019-10-11 12:56:54
229,Ferrel Curragh,2019-11-08 19:33:13
230,Bradley O'Dwyer,2019-11-17 17:04:26
231,Olly Portch,2019-10-04 22:52:33
232,Daisie Plowright,2019-12-01 03:09:41
233,Devonna Gaggen,2019-09-05 09:55:28
234,Erie Reen,2019-08-23 12:34:02
235,Karola Couzens,2019-12-30 04:30:40
236,Nealon Placstone,2019-08-20 22:27:43
237,Eleonora Dodds,2019-10-16 12:09:18
238,Christan Wilshin,2019-10-19 17:56:40
239,Ingeborg Faley,2019-10-17 00:03:07
240,Nevile Condie,2019-08-25 05:54:48
241,Rosalie Izard,2019-09-05 05:22:20
242,Vito Esp,2019-09-03 09:51:24
243,Melania Frayn,2019-11-11 09:19:14
244,Ramona Willavoys,2019-09-06 17:23:15
245,Ofilia Cuell,2019-11-15 00:47:48
246,Tanya Denison,2019-11-23 20:37:52
247,Sioux Rapkins,2019-11-16 08:38:14
248,Rey Klampt,2019-09-13 16:21:44
249,Son Benger,2019-11-05 04:44:16
250,Robert Johnsson,2019-12-25 13:22:59
251,Jeremiah Eastcourt,2019-11-04 12:51:25
252,Kelwin Hazelby,2019-09-11 22:18:13
253,Rosanna Nimmo,2019-10-25 16:21:15
254,Sheena Daine,2019-09-24 23:07:39
255,Gaston Busfield,2019-12-10 18:39:25
256,Zollie Coupe,2019-12-18 03:05:05
257,Micheil Hatley,2019-11-04 21:22:40
258,Eleanor Silveston,2019-09-17 10:54:52
259,Kory Grossman,2019-11-05 04:03:14
260,Bucky Simmig,2019-11-16 19:31:21
261,Derwin Vincent,2019-10-26 11:50:46
262,Eadie Simonelli,2019-11-27 03:14:33
263,Johannes Crosio,2019-12-29 05:07:14
264,Jillane Keel,2019-12-16 08:26:56
265,Josiah Charlton,2019-10-21 01:51:14
266,Sasha Lawtie,2019-12-22 23:30:25
267,Cordula Killik,2019-12-11 12:38:20
268,Gwen Tassell,2019-11-22 02:37:30
269,Alyda Whewell,2019-11-15 06:28:58
270,Joanna Leat,2019-09-20 12:34:48
271,Gris Costerd,2019-10-14 12:05:31
272,Morgana Skaid,2019-08-23 15:37:28
273,Dulce Kroch,2019-10-11 11:43:15
274,Jone Algar,2019-12-06 18:59:14
275,Jillie Minghetti,2019-08-27 03:14:15
276,Amelie Grossman,2019-09-23 06:53:10
277,Nerti Noke,2019-12-24 03:37:37
278,Grissel Dolling,2019-08-04 22:29:08
279,Horatio Abrahamsohn,2019-11-09 04:55:41
280,Marissa Bazell,2019-09-06 16:08:59
281,Dunn Turtle,2019-12-30 09:55:44
282,Shelton Cobbled,2019-10-10 15:56:12
283,Coraline Feehan,2019-09-26 11:14:46
284,Cathryn Priestland,2019-10-10 19:58:57
285,Germain Borzoni,2019-10-05 01:50:41
286,Adrianne Fittes,2019-09-15 08:01:21
287,Alis Obal,2019-08-16 08:40:36
288,Kristyn Gouldsmith,2019-11-29 20:58:44
289,Margit Rettie,2019-08-14 17:11:03
290,Stoddard Basili,2019-08-30 00:40:17
291,Dede Mullineux,2019-12-21 20:38:36
292,Brice Piddlesden,2019-10-27 16:06:30
293,Veronica Baff,2019-12-10 09:55:27
294,Kerwinn Hounsom,2019-08-05 11:23:36
295,Donalt Mansel,2019-12-07 17:39:13
296,Jerrylee Delion,2019-08-06 09:48:34
297,Alleen MacMakin,2019-11-19 11:36:55
298,Hans Leggis,2019-12-24 23:50:03
299,Auguste Wilmore,2019-09-18 16:07:18
300,Hatty Kleis,2019-08-04 10:38:54
301,Terrel Meneyer,2019-10-31 22:20:31
302,Rosemaria Cordingley,2019-08-05 14:26:14
303,Angil Craigs,2019-11-05 10:08:07
304,Helen-elizabeth Reap,2019-08-01 16:51:04
305,Kellie Tichelaar,2019-08-06 22:14:00
306,Mufi Boch,2019-08-19 00:41:01
307,Bruce Halley,2019-08-30 15:40:28
308,Elias Painter,2019-10-10 07:21:52
309,Lenci Kreutzer,2019-09-13 19:07:08
310,Elinore Hewlings,2019-09-14 09:34:45
311,Yale Tulk,2019-09-26 13:19:41
312,Katinka O'Donnelly,2019-09-08 01:13:13
313,Grange Joss,2019-12-15 07:06:00
314,Addie Pues,2019-11-11 11:19:21
315,Emalia Tesseyman,2019-11-21 14:16:26
316,Dru Janzen,2019-11-14 17:20:11
317,Fee Waddell,2019-11-17 08:41:51
318,Betsy Pobjoy,2019-12-27 14:39:37
319,Tessy Yegorov,2019-08-02 18:41:15
320,Jade Leeuwerink,2019-10-01 01:18:16
321,Carrol Flahive,2019-09-16 05:59:09
322,Rivy Soles,2019-08-27 08:00:54
323,Arabelle Duffy,2019-11-29 03:47:46
324,Karlan Gillise,2019-08-07 19:52:07
325,Banky Meace,2019-09-29 04:36:05
326,Lainey Benditt,2019-09-20 15:56:03
327,Brandea Sulter,2019-08-23 15:02:43
328,Justinn Pinard,2019-12-18 21:03:20
329,Gale Kennermann,2019-09-27 01:38:08
330,Estel Southam,2019-10-06 07:39:50
331,Etheline McBain,2019-10-06 11:34:41
332,Maury McVitie,2019-11-28 10:18:54
333,Fernande Foley,2019-12-20 00:11:13
334,Sherrie Noye,2019-12-18 07:20:29
335,Gretchen Tibbs,2019-12-06 12:25:26
336,Joanie Dionis,2019-09-28 06:08:21
337,Jolyn Kocher,2019-12-10 02:30:22
338,Stella Mucci,2019-11-21 11:14:13
339,Wes Shrive,2019-11-19 13:06:28
340,Muriel Chezier,2019-11-19 18:45:47
341,Anissa Fanstone,2019-09-22 21:30:27
342,Even Pontain,2019-12-11 18:48:46
343,Lilyan Mardlin,2019-11-18 00:07:35
344,Randene Neeves,2019-09-04 02:56:15
345,Charil Cicculi,2019-08-11 12:15:10
346,Saloma Josipovitz,2019-11-03 15:42:38
347,Del Galea,2019-10-27 05:58:43
348,Vale Hinrichs,2019-12-27 14:28:50
349,Fredric Choupin,2019-12-23 19:37:38
350,Astra Beany,2019-10-10 04:39:27
351,Belvia Lishmund,2019-10-22 01:48:32
352,Teddy Canario,2019-09-24 17:08:34
353,Wadsworth Stroulger,2019-11-22 09:58:16
354,Janina Ingyon,2019-09-16 02:01:32
355,Oberon Forre,2019-12-07 21:15:05
356,Chucho Giacopini,2019-10-24 23:22:25
357,Angy Mattin,2019-11-21 06:25:02
358,Jonell Makepeace,2019-10-31 16:07:56
359,Reuven Maghull,2019-10-11 09:44:20
360,Franklyn Eakens,2019-12-07 21:33:23
361,Ranice Austin,2019-08-13 15:32:25
362,Tamara Laidlow,2019-08-30 03:32:24
363,Esdras Works,2019-10-14 08:32:39
364,Essy Rome,2019-12-11 16:35:02
365,Agatha Pindell,2019-12-02 04:04:09
366,Kiri Boldry,2019-08-06 18:01:02
367,Obadiah Bransden,2019-09-10 20:04:25
368,Tiffany Simao,2019-08-10 12:28:21
369,Melisse Balshaw,2019-09-27 06:14:42
370,Bastien MacVanamy,2019-10-29 12:24:14
371,Brynne Shearsby,2019-08-19 14:04:52
372,Ario Challin,2019-09-22 16:06:52
373,Filia Brigden,2019-10-10 22:40:23
374,Silas Macguire,2019-10-08 20:54:38
375,Mirabelle Kaine,2019-11-14 09:32:26
376,Crystal Lestor,2019-09-24 20:56:38
377,Glynda Stowers,2019-08-13 13:35:20
378,Chase Apdell,2019-12-18 22:11:18
379,Joseph Whitford,2019-11-24 02:00:30
380,Natty Risborough,2019-10-03 00:53:46
381,Dorey Ivanikhin,2019-10-21 03:06:15
382,Yoshi Kubatsch,2019-10-02 06:17:01
383,Janice O' Mara,2019-11-24 01:54:55
384,Amity Bartalot,2019-12-19 23:54:08
385,Hadrian Littlechild,2019-12-01 17:06:22
386,Stefano Kerswill,2019-12-07 12:19:45
387,Aurie Endrizzi,2019-09-21 08:36:19
388,Gerard Order,2019-10-11 20:02:33
389,Daffie Lerego,2019-11-08 04:26:17
390,Gordy Colhoun,2019-08-09 08:14:27
391,Ardra Odams,2019-10-07 11:06:14
392,Simona Bresson,2019-12-26 10:06:06
393,Adi Dunk,2019-08-03 15:11:30
394,Tildy Bicksteth,2019-08-12 07:37:04
395,Cosette Sill,2019-11-16 23:48:03
396,Stanleigh Delwater,2019-10-19 23:14:51
397,Jasmine Naseby,2019-08-03 12:25:20
398,Drucie MacCook,2019-12-08 09:49:59
399,Sharl Gettens,2019-12-11 19:36:33
400,Chaddy Yanez,2019-10-05 13:34:46
401,Gabriello Abrami,2019-10-15 04:51:34
402,Jeremy Calrow,2019-11-12 07:41:18
403,Bayard Cracknall,2019-11-12 01:39:22
404,Orbadiah Fowle,2019-10-10 03:11:09
405,Syd Oehm,2019-09-22 08:11:29
406,Lefty Carden,2019-10-05 12:21:39
407,Garvin Armitt,2019-10-18 20:33:34
408,Linoel Lehrian,2019-08-28 00:33:57
409,Stillman Akred,2019-10-24 00:25:09
410,Umeko MacElharge,2019-10-02 00:23:34
411,Farr Malyon,2019-10-27 01:07:03
412,Donavon Easterfield,2019-11-17 19:19:15
413,Cam Tagg,2019-11-24 21:59:20
414,Jennilee Jobe,2019-09-10 23:55:45
415,Mitchell Szanto,2019-09-20 05:06:11
416,Ginelle Wathan,2019-12-04 22:20:20
417,Filip Volkers,2019-08-05 18:54:27
418,Alexandr Pfeffer,2019-10-28 02:17:53
419,Ashbey Greenalf,2019-09-03 09:40:57
420,Kathryn Coggan,2019-11-03 23:57:56
421,Laurence Di Maria,2019-11-10 00:06:22
422,Abagael D'Oyley,2019-12-07 20:08:09
423,Claire Goning,2019-10-21 07:12:01
424,Adlai Betteson,2019-08-18 17:41:56
425,Scot d' Eye,2019-10-07 18:03:49
426,Christa Bauer,2019-08-01 10:53:56
427,Felipe Bufton,2019-08-27 08:02:53
428,Rosmunda Gatecliff,2019-10-27 00:37:04
429,Orly Nowakowski,2019-08-25 08:53:26
430,Torry Winear,2019-09-28 16:07:25
431,Zena Crosio,2019-11-16 13:19:28
432,Doreen Szepe,2019-09-05 23:28:32
433,Syd Briston,2019-11-12 17:57:31
434,Logan Ravillas,2019-09-28 19:44:12
435,Felicdad Dooher,2019-09-04 16:35:09
436,Amara Ilchenko,2019-10-16 16:24:04
437,Bryn Leadbeatter,2019-08-18 15:01:20
438,Bird Perassi,2019-09-14 11:22:49
439,Kiley Fishly,2019-08-24 01:38:29
440,Urson Petraitis,2019-10-17 06:14:42
441,Desdemona Barents,2019-11-02 04:49:24
442,Garrek Lisimore,2019-08-23 22:18:50
443,Adamo Lowe,2019-11-27 07:27:55
444,Elli Dragonette,2019-09-05 06:53:51
445,Miller Wombwell,2019-10-30 05:16:49
446,Guendolen Clough,2019-08-31 19:25:09
447,Nelly Swindell,2019-08-20 08:02:29
448,Wynn Copping,2019-08-05 21:34:15
449,Magnum Chrismas,2019-11-02 21:22:37
450,Bevin Sevitt,2019-09-05 20:49:28
451,Leta Thieme,2019-09-19 02:59:26
452,Emili Byllam,2019-11-03 22:35:53
453,Paolo Reeks,2019-10-05 00:20:45
454,Berty Springate,2019-09-11 21:40:52
455,Marylinda Meek,2019-08-11 17:14:50
456,Saidee Upfold,2019-09-23 12:17:31
457,Kassia Bubb,2019-12-23 09:38:42
458,Laurena Hendron,2019-12-09 12:23:45
459,Aharon Tutchings,2019-12-26 19:55:12
460,Henrik Howgego,2019-12-04 19:44:11
461,Charmion Naylor,2019-12-02 03:11:58
462,Lawry Corner,2019-09-26 03:38:33
463,Guendolen Scadding,2019-12-02 00:59:07
464,Floris Galler,2019-09-18 13:04:02
465,Ruttger Estoile,2019-08-26 04:47:45
466,Kenny Wennington,2019-08-10 17:27:58
467,Danyette Jenyns,2019-09-25 17:03:45
468,Elna Gather,2019-08-06 17:08:37
469,Kinny Gilmartin,2019-08-30 09:01:37
470,Bella Spacy,2019-11-30 18:02:40
471,Omar Rennix,2019-09-15 12:05:03
472,Corrinne Cheale,2019-09-20 21:19:24
473,Nicola Malia,2019-08-21 22:07:32
474,Gregory McKinless,2019-12-04 17:28:05
475,Nicholle Stothart,2019-11-27 03:09:45
476,Karla Whiten,2019-10-09 13:44:13
477,Delmar Caville,2019-08-24 13:44:48
478,Rubina Van der Baaren,2019-12-06 17:16:52
479,Duffie Chaters,2019-09-08 11:11:48
480,Morey Tawn,2019-09-10 11:49:18
481,Eran Ygo,2019-12-02 05:31:48
482,Richard Chesher,2019-11-25 10:38:25
483,Bartholomew Espinal,2019-11-18 18:14:31
484,Edwin Cuffin,2019-08-29 17:03:04
485,Aubert Clamp,2019-11-09 07:06:53
486,Kalila Landman,2019-08-20 05:01:06
487,Averyl McCord,2019-10-31 02:29:55
488,Daryle O'Dowd,2019-08-01 19:05:23
489,Toma McGeffen,2019-09-28 15:47:25
490,Cyb Spellissy,2019-12-04 11:32:14
491,Rafe Beuscher,2019-12-02 19:12:04
492,Lidia Mizzi,2019-09-03 19:40:08
493,Devonne Cakes,2019-10-06 12:00:14
494,Virgil O'Brollachain,2019-11-25 09:18:02
495,Cilka Raymond,2019-10-24 06:46:48
496,Gerhardt Saffon,2019-12-01 13:00:16
497,Jade Drache,2019-10-31 06:10:02
498,Maurene Sussems,2019-12-19 15:36:38
499,Bellina Stothert,2019-12-13 19:02:07
500,Ines Spencer,2019-11-20 15:08:16
501,Cecily Pecha,2019-11-01 21:23:33
502,Aubert Gawkroge,2019-12-26 15:27:39
503,Antons McCorry,2019-11-15 12:45:38
504,Valentino Kestian,2019-08-22 08:50:19
505,Pietrek Ovendale,2019-08-29 19:57:11
506,Shantee Dimblebee,2019-09-07 07:42:22
507,Durant Jakubovics,2019-08-04 02:51:58
508,Corly Washington,2019-12-24 03:43:00
509,Morganne Groom,2019-09-23 20:27:29
510,Michelina Maccaddie,2019-09-14 19:48:35
511,Dalis Larmuth,2019-12-16 11:27:11
512,Mitzi Gascar,2019-10-15 15:36:47
513,Rocky Wildish,2019-09-23 05:44:10
514,Shelly Gantlett,2019-08-22 04:24:23
515,Maribel Deport,2019-09-06 18:56:40
516,Nataniel Cavet,2019-09-25 13:35:21
517,Felecia Dagg,2019-11-17 05:53:52
518,Weider Weeds,2019-12-19 05:15:35
519,Gayler Marney,2019-10-08 06:05:40
520,Andrej Bumphries,2019-12-22 18:45:47
521,Fidela Gobbet,2019-08-13 16:24:48
522,Bobinette Martschke,2019-11-03 21:36:09
523,Carly Scarr,2019-10-08 22:14:36
524,Teddy Held,2019-12-02 14:50:22
525,Klarrisa Carlill,2019-08-29 17:12:17
526,Alain Cowap,2019-08-29 17:25:56
527,Joby Celand,2019-10-19 18:54:15
528,Wilfred Petrol,2019-11-30 23:19:42
529,Averil Edeson,2019-12-13 02:48:17
530,Lyndel Jindra,2019-10-29 09:58:46
531,Ketti Sallenger,2019-12-25 19:56:29
532,Chrystel Sollowaye,2019-11-08 13:01:52
533,Maxie Edmans,2019-10-08 22:18:17
534,Anya Zumbusch,2019-08-03 12:31:33
535,Yulma Izkoveski,2019-10-20 10:50:42
536,Gnni Flintoffe,2019-10-04 12:13:05
537,Celia Winnett,2019-10-07 00:56:29
538,Garwood Leatherbarrow,2019-08-27 08:51:01
539,Moyra Radborne,2019-08-13 17:43:45
540,Sarita Giorgini,2019-10-17 02:05:54
541,Kippie Gallamore,2019-10-07 17:49:08
542,Les Parvin,2019-10-30 16:04:18
543,Manolo Farens,2019-09-08 10:51:41
544,Roddie Dunlop,2019-12-03 13:19:13
545,Kelly Kubasiewicz,2019-12-20 17:43:35
546,Cortney Abethell,2019-12-25 19:14:30
547,Peyter Chumley,2019-09-16 11:53:59
548,Bjorn Dosdell,2019-12-07 15:24:56
549,Merline Haspineall,2019-12-21 06:36:45
550,Gerri Bourgeois,2019-08-10 15:10:18
551,Kerr Dodgson,2019-11-27 02:43:58
552,Cloris Tiesman,2019-12-26 00:02:54
553,Fredrika Vigours,2019-08-22 04:18:15
554,Arlee Calley,2019-08-12 13:27:28
555,Barbra Le Fleming,2019-11-30 17:23:48
556,Faustine McCreadie,2019-10-24 22:34:41
557,George Dashkov,2019-08-29 05:42:18
558,Aili Rignall,2019-09-27 14:32:57
559,Culver Cuell,2019-08-22 01:45:41
560,Gussie Steuhlmeyer,2019-09-18 17:24:16
561,Ivan Heeney,2019-11-19 14:30:35
562,Paige Levermore,2019-10-15 23:09:00
563,Garnette Huyge,2019-09-19 12:43:03
564,Dorena Iwaszkiewicz,2019-12-25 16:56:38
565,Manfred Casolla,2019-09-16 07:24:08
566,Sacha McMahon,2019-09-07 17:46:44
567,Anissa Dunsmore,2019-11-10 09:56:01
568,Consuelo Perott,2019-11-14 06:46:21
569,Allayne Treffrey,2019-09-23 20:04:22
570,Gabriela Panner,2019-11-04 05:57:08
571,Granville Schoenrock,2019-12-29 12:20:07
572,Yorke Bonaire,2019-11-09 06:39:49
573,Melva Farryn,2019-12-18 17:23:03
574,Harlin Fredson,2019-08-24 00:34:30
575,Mollee Ilyinski,2019-11-19 01:52:34
576,Kippie Grindley,2019-08-09 20:05:04
577,Helaina Bisgrove,2019-08-20 05:06:03
578,Giffard Giacomoni,2019-11-15 06:56:37
579,Livia Clevely,2019-12-03 03:24:19
580,Adolphe Elliston,2019-12-24 20:13:00
581,Maximo Bernardo,2019-08-11 04:59:55
582,Jonathan Bailess,2019-09-03 03:20:06
583,Ceil Hewins,2019-11-04 01:48:03
584,Marthena Ethelstone,2019-09-26 03:38:18
585,Gillie Hotson,2019-09-09 19:58:40
586,Gordy Gounot,2019-08-23 23:39:22
587,Boigie Hannaway,2019-12-28 13:47:43
588,Demetrius Brobyn,2019-08-27 17:58:19
589,Bonnibelle Turville,2019-10-11 05:16:57
590,Pearle Beadel,2019-12-13 11:07:16
591,Lory McQuorkell,2019-12-27 16:04:49
592,Sarge Kiddey,2019-10-04 19:22:19
593,Jamal Luthwood,2019-11-01 03:43:57
594,Adamo Sorby,2019-10-17 13:39:22
595,Arther Segeswoeth,2019-08-27 05:26:59
596,Berthe Alcock,2019-11-13 22:10:15
597,Cash Twelve,2019-10-30 02:56:47
598,Minnaminnie Vickress,2019-10-02 18:38:01
599,Adan Langhorn,2019-09-14 02:48:02
600,Ynez Flatte,2019-11-05 12:54:28
601,Megen Mercy,2019-11-28 03:50:59
602,Coretta Oleksiak,2019-12-21 16:25:39
603,Corilla Battye,2019-10-19 20:01:34
604,Salaidh Ovington,2019-12-30 12:29:02
605,Corri Grainger,2019-12-16 06:57:24
606,Terrel Quilter,2019-10-08 00:26:23
607,Katerine Pyffe,2019-12-14 09:48:48
608,Zechariah Cranstone,2019-11-18 14:50:59
609,Novelia Duligall,2019-09-22 15:37:45
610,Dallis Bank,2019-11-10 06:20:59
611,Louie Shufflebotham,2019-11-29 07:19:11
612,Rutledge Dmtrovic,2019-11-26 11:27:37
613,Kessiah Reddihough,2019-12-15 08:52:50
614,Janice Allday,2019-10-03 17:07:06
615,Tabatha Singleton,2019-12-10 09:21:36
616,Paolo Baselli,2019-08-30 12:30:15
617,Mack Berrecloth,2019-09-27 03:04:52
618,Pasquale Antognoni,2019-09-20 01:57:16
619,Marco Figliovanni,2019-09-04 07:30:27
620,Lucienne Blaszczak,2019-09-02 20:34:32
621,Paulie Dunaway,2019-10-31 09:23:28
622,Nicholle Kinghorne,2019-10-21 15:04:04
623,Lorri Ault,2019-09-10 19:52:48
624,Aubert Flacknell,2019-10-27 16:22:03
625,Winne Prozescky,2019-10-26 12:22:06
626,Marv Iglesias,2019-09-15 20:52:35
627,Horten Yakubovich,2019-08-27 17:28:47
628,Briana Sorel,2019-10-07 15:14:48
629,Sukey Coton,2019-08-14 07:23:55
630,Case Westberg,2019-09-22 16:00:49
631,Kendra Wollaston,2019-09-10 21:56:20
632,Alayne Leek,2019-12-23 19:02:28
633,Tisha Handman,2019-08-06 02:33:44
634,Iggie Truggian,2019-12-18 01:47:02
635,Chloe Messruther,2019-10-29 10:33:57
636,Rianon Burchatt,2019-12-22 21:43:48
637,Sonya Onyon,2019-12-05 22:19:09
638,Con Truss,2019-09-14 03:25:22
639,Gerardo Godbold,2019-12-27 13:51:58
640,Carlee Schoroder,2019-09-25 22:50:42
641,Halette Bowater,2019-09-21 09:42:10
642,Tait Slight,2019-09-12 02:02:20
643,Vassily Mickelwright,2019-10-05 01:56:15
644,Michel Crolla,2019-11-13 15:40:15
645,Napoleon Anslow,2019-09-20 12:09:44
646,Law McNeice,2019-10-08 18:53:19
647,Nickolas Threadgold,2019-09-16 02:06:01
648,Ernesta Banat,2019-09-19 22:33:44
649,Prinz Droghan,2019-12-20 21:01:50
650,Skippie Pavey,2019-08-21 21:42:29
651,Tracie Burrass,2019-08-31 23:04:10
652,Garold Casiero,2019-09-10 08:01:14
653,Valera Burnage,2019-09-14 12:56:26
654,Dorolisa Danilovic,2019-11-01 02:29:56
655,Deanna Cockson,2019-09-27 05:41:23
656,Murvyn Yemm,2019-08-24 13:11:44
657,Gaye Trimby,2019-12-26 20:00:34
658,Patrizia Coonan,2019-11-22 20:19:52
659,Sheridan Offer,2019-11-15 14:38:16
660,Elaine Henryson,2019-09-11 14:38:30
661,Jean Fairlie,2019-09-30 15:52:04
662,Hertha Logsdale,2019-11-21 01:47:41
663,Lewie Binstead,2019-09-07 18:03:09
664,Jasmina Blyth,2019-11-20 17:50:03
665,Odilia Burkart,2019-10-11 22:20:33
666,Katusha Hargerie,2019-12-15 17:54:07
667,Corabella Geggie,2019-08-19 09:38:11
668,Laverna Whissell,2019-09-05 09:14:45
669,Nancie Evershed,2019-11-05 16:04:50
670,Adrienne Matas,2019-11-13 06:42:24
671,Meryl Cristol,2019-08-24 18:23:47
672,Stella Southeran,2019-11-09 21:14:40
673,Norrie Cuttelar,2019-09-20 06:36:25
674,Tremain Swayte,2019-10-15 22:57:06
675,Maxim Gehrts,2019-09-06 13:50:58
676,Ethel Stair,2019-09-05 00:50:03
677,Issy Howton,2019-10-06 12:53:48
678,Nils Lamps,2019-11-15 08:23:54
679,Sharai Jobin,2019-10-23 06:04:01
680,Valenka Emsley,2019-11-04 09:24:33
681,Irv Foker,2019-10-06 19:53:35
682,Abigael Tellesson,2019-10-30 13:44:19
683,Katharyn Cleaveland,2019-12-29 20:44:55
684,Shelbi Haxley,2019-08-20 16:37:41
685,Dalston Dionis,2019-12-16 14:14:31
686,Jazmin Cordero,2019-11-27 20:53:24
687,Siffre Schenkel,2019-12-17 01:26:06
688,Katrine Bonin,2019-11-24 12:05:46
689,Fiorenze Blune,2019-09-20 14:19:32
690,Leigh Harm,2019-08-19 09:05:22
691,Shelby Brane,2019-08-08 18:59:30
692,Curry Bucknill,2019-10-08 03:53:21
693,Wesley Gores,2019-11-07 05:26:53
694,Yolanthe Claridge,2019-10-19 05:16:42
695,Teddi Tassell,2019-10-24 00:19:52
696,Mervin Tummons,2019-08-19 13:49:59
697,Ibbie Jon,2019-11-16 09:50:06
698,Minni Boyer,2019-10-04 16:30:52
699,Byrom Laxston,2019-10-21 07:52:28
700,Julee Kyffin,2019-08-09 11:12:28
701,Tabor McKague,2019-09-11 03:51:03
702,Kacey Guerri,2019-09-19 06:38:04
703,Cal Varren,2019-08-13 08:21:52
704,Elladine Beirne,2019-11-29 22:59:12
705,Floris McTrusty,2019-10-09 06:38:56
706,Hogan Checklin,2019-09-01 09:09:53
707,Brinn Ilyuchyov,2019-12-08 04:09:44
708,Marion Rockwell,2019-09-06 01:15:40
709,Shandie Grishelyov,2019-10-22 10:42:02
710,Natka Belly,2019-12-14 19:51:56
711,Carmel Stutt,2019-12-23 19:59:47
712,Jacqui Bakesef,2019-08-06 11:23:40
713,Emilia Alsobrook,2019-11-22 13:41:34
714,Ced Crysell,2019-12-13 15:53:04
715,Susy Menico,2019-10-09 08:44:38
716,Darrel Skeen,2019-12-21 15:27:45
717,Arlie Whyley,2019-11-26 07:17:31
718,Nicholle Rolinson,2019-12-24 09:23:51
719,Jamison Fluger,2019-09-06 10:39:38
720,Claudian Spaxman,2019-11-22 07:28:26
721,Cosette Sloan,2019-11-09 03:53:50
722,Silvana Broyd,2019-10-19 15:39:42
723,Patrizio Glencrosche,2019-08-16 12:06:41
724,Langston McGill,2019-11-28 08:38:53
725,Edmon Cholerton,2019-11-28 16:17:16
726,Lazare Sustins,2019-09-23 14:07:13
727,Berton Pittaway,2019-11-12 08:44:29
728,Gawen Versey,2019-09-19 00:39:46
729,Fredericka Kinforth,2019-08-17 23:53:40
730,Justus Van de Velde,2019-10-19 04:50:30
731,Leonidas Bagniuk,2019-09-30 04:15:21
732,Kora Daly,2019-11-05 17:59:48
733,Ganny Lammerts,2019-10-24 14:36:31
734,Tessa Humbatch,2019-10-02 12:07:47
735,Walliw Bernhardi,2019-12-02 07:43:23
736,Annadiane Paradis,2019-11-16 04:22:52
737,Cchaddie Willingham,2019-09-01 04:06:00
738,Esdras Jaeggi,2019-08-25 19:52:12
739,Aguste Syversen,2019-09-14 19:12:10
740,Sib Berney,2019-10-12 12:53:15
741,Berty Mackinder,2019-08-13 09:17:02
742,Michail Donoher,2019-11-22 23:53:01
743,Otto Camamill,2019-08-23 18:22:26
744,Andonis Yellowlee,2019-11-07 14:32:29
745,Derron Lapping,2019-12-02 09:27:35
746,Ogdan Persicke,2019-10-08 03:49:53
747,Zandra Mulhill,2019-11-08 20:39:27
748,Alan Bodsworth,2019-08-25 18:06:15
749,Willy Loughney,2019-09-04 09:14:28
750,Tiena Bagnal,2019-12-05 22:22:37
751,Saloma Simoncello,2019-12-10 14:54:16
752,Gaspar Hammerberger,2019-10-08 08:26:03
753,Siegfried Rolin,2019-10-01 19:17:08
754,Devlin Izaac,2019-11-20 06:43:25
755,Jephthah Muzzall,2019-10-04 08:24:30
756,Ileana Pardey,2019-10-11 19:08:57
757,Lizette Chatain,2019-08-31 01:40:39
758,Abbott Odo,2019-10-27 14:31:44
759,Suzy Harriday,2019-11-17 00:43:03
760,Daile Shapcote,2019-11-06 13:10:13
761,Phillie Valentin,2019-11-23 22:23:20
762,Colene Kreuzer,2019-11-07 11:01:04
763,Sibyl Sweatland,2019-11-16 12:53:05
764,Renie Abramski,2019-10-23 14:11:14
765,Liz Sterte,2019-08-24 21:59:11
766,Clair McMarquis,2019-12-01 04:53:09
767,Milton Haensel,2019-10-31 05:34:33
768,Glendon M'Chirrie,2019-11-23 08:17:27
769,Danit Tench,2019-08-18 07:57:59
770,Vivien Clubley,2019-09-15 12:36:45
771,Ianthe Crimp,2019-10-12 22:42:34
772,Durante Piddocke,2019-10-25 17:39:31
773,Rolfe Osmar,2019-08-02 19:09:46
774,Sheffie Bartlosz,2019-10-16 23:10:51
775,Wheeler Elphick,2019-12-02 00:23:21
776,Celisse Stuther,2019-10-29 11:21:42
777,Uriah Rilton,2019-11-11 00:33:35
778,Johnnie Perazzo,2019-12-06 08:36:59
779,Domini Trewin,2019-11-20 11:56:10
780,Dallon Mewburn,2019-11-26 15:13:47
781,Frederik Varty,2019-08-28 09:31:17
782,Adriano Mattheis,2019-12-11 21:39:30
783,Reiko Wilbor,2019-09-02 07:41:00
784,Emmy Livingston,2019-10-13 03:32:11
785,Tann Widmore,2019-11-11 03:45:08
786,Tybi Argontt,2019-10-08 15:28:44
787,Jeniffer Woffenden,2019-12-27 12:14:19
788,Judy Linklater,2019-12-19 04:19:05
789,Rance Malster,2019-11-17 11:23:17
790,Selig Fendley,2019-10-14 17:57:49
791,Tabitha Sandal,2019-08-06 08:48:22
792,Brendis Klima,2019-11-17 12:26:19
793,Jemmy Duthy,2019-08-25 18:34:34
794,Keefer Brannan,2019-12-01 11:17:54
795,Gill Cromie,2019-10-30 08:01:18
796,Noellyn Dumper,2019-08-03 06:41:30
797,Weber Lochet,2019-08-09 11:18:20
798,Sheilakathryn Dedney,2019-09-10 00:21:34
799,Berny Gawthrope,2019-09-16 00:50:03
800,Paulette Belfitt,2019-08-04 10:24:39
801,Ramsay Jewise,2019-10-10 16:34:52
802,Nanine O'Scollain,2019-11-10 23:45:45
803,Siusan Barracks,2019-09-06 09:19:07
804,Udell Late,2019-08-07 20:50:37
805,Hillary Sweetland,2019-09-16 03:10:07
806,Tandie Full,2019-10-29 16:55:17
807,Lindon Luciano,2019-10-29 06:11:12
808,Joelle Clampton,2019-08-26 01:49:34
809,Lauree Devigne,2019-11-21 00:06:31
810,Lilah MacMenamie,2019-10-21 17:10:48
811,Anderson Dear,2019-11-24 10:54:06
812,Sharlene Desson,2019-11-25 16:21:07
813,Lorenza Pifford,2019-10-19 17:47:10
814,Carlye Silmon,2019-08-24 11:51:46
815,Eilis Epelett,2019-11-27 17:09:20
816,Mikaela O'Hartnett,2019-10-02 04:55:42
817,Urson Coggings,2019-08-16 11:06:48
818,Cherye Rangell,2019-10-18 20:32:16
819,Kellsie Beggs,2019-11-23 23:48:05
820,Dasie Dwelly,2019-08-13 04:56:02
821,Phyllis Fayer,2019-09-01 05:57:02
822,Vaughan Ladyman,2019-11-01 03:29:17
823,Mireille Scannell,2019-12-24 13:30:38
824,Royall Dusey,2019-12-28 08:18:37
825,Lettie McGilbon,2019-08-28 01:07:01
826,Donella Maghull,2019-11-27 21:39:57
827,Johnathon Dumblton,2019-10-23 21:15:40
828,Golda Fawloe,2019-08-07 20:32:36
829,Daisi Solomonides,2019-11-08 07:14:21
830,Charmion Behneke,2019-11-23 20:15:56
831,Merrill Regis,2019-12-15 15:37:43
832,Ralf Kidd,2019-08-31 10:38:26
833,Orazio Harhoff,2019-11-10 15:46:44
834,Bartholomeus Walkinshaw,2019-10-06 06:51:18
835,Titos Boich,2019-09-08 07:00:03
836,Erie Lister,2019-09-26 17:01:36
837,Forster Goldsberry,2019-12-23 18:21:35
838,Casey Grantham,2019-11-21 20:00:10
839,Marta Pavlenko,2019-11-02 12:57:52
840,Nikola Jime,2019-10-01 16:03:30
841,Jessamyn Arch,2019-08-29 17:34:35
842,Brandea Anderer,2019-08-11 17:24:40
843,Skip Fisbey,2019-08-12 18:52:36
844,Blondell Dunnan,2019-12-17 02:08:09
845,Terri MacAdie,2019-12-01 15:58:55
846,Damian Mycroft,2019-11-27 07:51:03
847,Edith Goodman,2019-08-18 20:31:38
848,Adelaida Buxton,2019-09-29 19:15:53
849,Haily Gaywood,2019-11-28 06:21:44
850,Lulu Hales,2019-09-20 09:43:13
851,Bear Zannini,2019-08-28 05:14:27
852,Valaree Borgesio,2019-12-27 05:50:27
853,Sherwood Almey,2019-08-04 02:36:32
854,Milt Cornfield,2019-08-22 10:24:42
855,Yank Prewer,2019-09-13 18:13:32
856,Lorine Bockler,2019-12-07 07:32:50
857,Marina Boothe,2019-10-22 08:49:07
858,Burg Simony,2019-10-28 18:07:01
859,Brigida Sidebottom,2019-12-23 18:09:11
860,Aili Hatry,2019-08-03 08:39:47
861,Leonore Dunaway,2019-12-20 17:50:29
862,Lombard Fallen,2019-11-26 03:37:07
863,Nita Scurman,2019-10-22 20:56:35
864,Ibbie Harriman,2019-08-22 22:21:35
865,Merrilee Oakes,2019-10-14 07:22:50
866,Dietrich Thomson,2019-08-01 14:29:04
867,Antony Traut,2019-08-01 01:39:17
868,Inez Oleksiak,2019-11-06 14:26:11
869,Niki Earry,2019-12-02 12:44:50
870,Norrie Wurst,2019-08-22 10:26:57
871,Anica Sissot,2019-09-10 14:27:17
872,Addie Prestwich,2019-12-02 17:42:08
873,Kitti Goodright,2019-11-29 07:41:24
874,Carlin De'Vere - Hunt,2019-11-04 06:55:38
875,Othelia Pledge,2019-09-16 09:45:40
876,Cindy Stanlock,2019-12-22 03:37:38
877,Wilone Comizzoli,2019-08-25 03:04:56
878,Dale Hansbury,2019-12-11 02:07:37
879,Julian Sacaze,2019-09-24 05:43:31
880,Karina Leishman,2019-12-24 06:58:15
881,Sonny Bigmore,2019-11-13 00:30:00
882,Had Forbes,2019-08-23 23:03:15
883,Noel Eames,2019-09-18 10:04:34
884,Fletcher Bridle,2019-11-25 20:49:48
885,Lief Fewell,2019-10-10 00:30:38
886,Alvera Weston,2019-12-06 00:43:29
887,Briana Beiderbecke,2019-11-11 20:49:27
888,Shem Wardhaw,2019-08-08 17:16:14
889,Curtis Souch,2019-09-30 03:53:18
890,Alejandro Szymaniak,2019-09-26 14:19:53
891,Sidonnie Ashbey,2019-09-16 00:47:48
892,Gale McIlvoray,2019-09-16 05:11:54
893,Carlie Gerwood,2019-10-25 17:05:06
894,Dredi Causby,2019-10-15 21:49:38
895,Conant Carefull,2019-08-14 06:12:01
896,Marlon Hebditch,2019-11-16 00:36:55
897,Glyn Tander,2019-09-11 21:25:37
898,Nester Gilli,2019-10-18 16:54:54
899,Natty Gallandre,2019-09-07 02:04:33
900,Vivian Bleaden,2019-10-24 00:01:02
901,Auberon Gilberthorpe,2019-09-28 05:13:32
902,Mildrid Sell,2019-08-07 00:18:59
903,Emery Cornier,2019-10-29 12:30:20
904,Krishna Billo,2019-12-20 04:18:00
905,Cassie Whenham,2019-08-18 09:43:14
906,Wanda Championnet,2019-10-07 19:20:21
907,Vivianne Whilde,2019-09-12 04:52:38
908,Phillip Garlick,2019-10-06 11:33:33
909,Gay Tavner,2019-09-20 06:54:04
910,Hewie Laslett,2019-08-07 17:58:40
911,Geoffry MacLoughlin,2019-10-25 11:21:31
912,Phaidra Trunby,2019-10-11 08:38:06
913,Julia Jales,2019-11-19 10:03:00
914,Antonin Eake,2019-10-19 21:10:35
915,Adrianne Kordes,2019-09-08 17:42:07
916,Ted Grinishin,2019-11-14 08:52:29
917,Horatia Pendreigh,2019-12-15 04:35:50
918,Georgetta Todeo,2019-11-29 07:41:02
919,Lesley Attarge,2019-12-01 22:00:08
920,Dale Attyeo,2019-12-23 03:56:16
921,Jeddy Carlyon,2019-10-09 00:56:22
922,Maribel Tezure,2019-12-12 03:38:51
923,Pattin Gladdis,2019-12-24 04:51:14
924,Kylynn Thomsson,2019-09-11 06:12:21
925,Addia Tant,2019-08-10 21:56:31
926,Engelbert Simester,2019-09-07 23:23:03
927,Phil Lowensohn,2019-08-16 06:59:52
928,Pamelina Druce,2019-09-04 16:18:16
929,Diane Durrad,2019-11-09 11:13:04
930,Marlie Bidgod,2019-08-19 00:45:43
931,Jeddy Hatrick,2019-08-24 10:50:59
932,Darryl Nurse,2019-12-14 07:11:50
933,Robbert Easterling,2019-08-31 14:43:05
934,Marcia Davidsohn,2019-12-07 18:24:30
935,Marje Gaffney,2019-12-29 17:09:53
936,Wait Driscoll,2019-10-19 17:40:34
937,Shayna Doick,2019-10-02 13:05:25
938,Jemmy Pendrid,2019-12-14 10:42:36
939,Standford Cristofaro,2019-12-03 20:29:31
940,Tiffie Avraham,2019-10-08 06:20:50
941,Pauline Rowlett,2019-10-03 09:20:47
942,Cthrine Brabben,2019-11-26 21:57:58
943,Reagen Barks,2019-11-07 01:05:27
944,Ninnette Somerset,2019-11-07 02:40:43
945,Marquita Kensitt,2019-12-11 20:08:07
946,Torie Mattholie,2019-08-01 13:45:00
947,Celestyna Phlippi,2019-10-09 16:29:02
948,Darsie Heaseman,2019-09-10 09:29:54
949,Ripley Cholmondeley,2019-08-16 09:32:13
950,Astra Fahy,2019-12-03 13:06:05
951,Lin Blaiklock,2019-11-04 11:22:58
952,Nana Klimov,2019-08-29 06:25:30
953,Shalna Ellerbeck,2019-11-04 19:14:47
954,Lorrie Shaylor,2019-08-16 15:36:36
955,Gussie Aldwick,2019-10-07 10:30:16
956,Cassey Ricards,2019-10-08 21:44:59
957,Clarence Zellner,2019-10-28 03:43:53
958,Lorilyn Sandon,2019-10-17 20:04:20
959,Joann Stanion,2019-12-18 03:31:52
960,Rockwell Theurer,2019-09-10 12:45:53
961,Berni Risson,2019-09-05 23:34:46
962,Felicle Gunnell,2019-12-11 11:13:31
963,Hannie Saing,2019-11-04 14:10:06
964,Candace Faulo,2019-08-15 21:43:28
965,Bonny O'Quin,2019-10-19 13:19:06
966,Wilhelm Greendale,2019-09-03 16:53:07
967,Sharleen Case,2019-08-12 06:30:50
968,Yorgos Halsted,2019-08-12 07:51:56
969,Lira Swatheridge,2019-09-29 10:42:17
970,Estelle Duffil,2019-11-26 10:19:30
971,Denis Lombardo,2019-11-13 12:37:01
972,Leonanie Veracruysse,2019-12-06 12:22:25
973,Pierre Preshaw,2019-09-17 19:45:32
974,Barbe McLewd,2019-12-17 18:43:23
975,Fee Knightly,2019-10-07 05:22:26
976,Carrol Clines,2019-11-25 07:57:06
977,Agnola de Quincey,2019-10-12 21:57:35
978,Cristionna Truluck,2019-09-30 17:03:11
979,Minda Orae,2019-09-29 08:50:20
980,Nadine Scarlon,2019-12-18 03:03:29
981,Gerri Yeude,2019-08-19 00:18:03
982,Salvador Campa,2019-12-02 19:30:06
983,Veronike Tolossi,2019-08-25 15:16:56
984,Lou Stoffer,2019-09-01 23:56:04
985,Adler Hoogendorp,2019-08-15 02:41:26
986,Kati Gerdts,2019-10-01 03:09:05
987,Trevar Janssens,2019-08-02 08:10:48
988,Heddi Crosfield,2019-12-06 04:14:09
989,Chloe Leads,2019-10-07 21:39:17
990,Alejandra Caen,2019-08-06 04:29:51
991,Hugo Pauletto,2019-11-08 19:59:43
992,Krisha Cardew,2019-08-20 21:39:41
993,Debera Siggers,2019-09-02 12:20:04
994,Carlene Hefferon,2019-08-04 03:08:42
995,Dario Dowsey,2019-12-25 15:24:24
996,Lebbie Braker,2019-09-04 17:17:25
997,Mireielle Castledine,2019-12-12 05:56:57
998,Wanids Van Leeuwen,2019-11-12 19:33:38
999,Lydia Ossipenko,2019-11-23 10:41:06
1000,Annice Stabbins,2019-09-25 07:26:39
